{
  "avg_prompt_tokens_1000": {
    "chunk_size_32": {
      "avg_e2e_time": 2.117771863937378,
      "avg_prefill_time": 1.8496722169220448,
      "avg_decode_time": 0.2668693456798792,
      "avg_inference_time": 2.116541562601924,
      "avg_time_between_tokens": 0.0667173364199698
    },
    "chunk_size_64": {
      "avg_e2e_time": 4.322099685668945,
      "avg_prefill_time": 0.9843662222847342,
      "avg_decode_time": 3.3366749742999673,
      "avg_inference_time": 4.3210411965847015,
      "avg_time_between_tokens": 0.05213554647343699
    },
    "chunk_size_128": {
      "avg_e2e_time": 0.8750176429748535,
      "avg_prefill_time": 0.5008176220580935,
      "avg_decode_time": 0.3730766298249364,
      "avg_inference_time": 0.8738942518830299,
      "avg_time_between_tokens": 0.062179438304156065
    },
    "chunk_size_256": {
      "avg_e2e_time": 0.6057560443878174,
      "avg_prefill_time": 0.3376415139064193,
      "avg_decode_time": 0.26702810265123844,
      "avg_inference_time": 0.6046696165576577,
      "avg_time_between_tokens": 0.06675702566280961
    },
    "chunk_size_512": {
      "avg_e2e_time": 1.7728314399719238,
      "avg_prefill_time": 0.2859375523403287,
      "avg_decode_time": 1.4856298137456179,
      "avg_inference_time": 1.7715673660859466,
      "avg_time_between_tokens": 0.05502332643502288
    },
    "chunk_size_1024": {
      "avg_e2e_time": 1.7547008991241455,
      "avg_prefill_time": 0.26593294739723206,
      "avg_decode_time": 1.4876352259889245,
      "avg_inference_time": 1.7535681733861566,
      "avg_time_between_tokens": 0.053129829499604445
    },
    "chunk_size_2048": {
      "avg_e2e_time": 0.639237642288208,
      "avg_prefill_time": 0.26431521214544773,
      "avg_decode_time": 0.3738743681460619,
      "avg_inference_time": 0.6381895802915096,
      "avg_time_between_tokens": 0.06231239469101032
    }
  }
}