{
  "experiment_info": {
    "prompt_set": "avg_prompt_tokens_4094",
    "chunk_size": 32,
    "model": "meta-llama/Meta-Llama-3-8B-Instruct",
    "generation_params": {
      "max_tokens": 512,
      "temperature": 0.8,
      "top_p": 0.95
    }
  },
  "requests": [
    {
      "prompt_index": 0,
      "prompt_preview": "0, 1, 2, 3, 4, 5, 6, 7, 8, 9, 10, 11, 12, 13, 14, 15, 16, 17, 18, 19, 20, 21, 22, 23, 24, 25, 26, 27...",
      "prompt_length": 6546,
      "success": true,
      "metrics": {
        "vllm:e2e_request_latency_seconds": 9.611920833587646,
        "vllm:request_prefill_time_seconds": 2.1810517060075654,
        "vllm:request_decode_time_seconds": 7.4295347279985435
      }
    },
    {
      "prompt_index": 1,
      "prompt_preview": "0, 1, 2, 3, 4, 5, 6, 7, 8, 9, 10, 11, 12, 13, 14, 15, 16, 17, 18, 19, 20, 21, 22, 23, 24, 25, 26, 27...",
      "prompt_length": 6546,
      "success": true,
      "metrics": {
        "vllm:e2e_request_latency_seconds": 7.463745832443237,
        "vllm:request_prefill_time_seconds": 0.020704109003418125,
        "vllm:request_decode_time_seconds": 7.4415872739919
      }
    },
    {
      "prompt_index": 2,
      "prompt_preview": "0, 1, 2, 3, 4, 5, 6, 7, 8, 9, 10, 11, 12, 13, 14, 15, 16, 17, 18, 19, 20, 21, 22, 23, 24, 25, 26, 27...",
      "prompt_length": 6546,
      "success": true,
      "metrics": {
        "vllm:e2e_request_latency_seconds": 0.6869795322418213,
        "vllm:request_prefill_time_seconds": 0.020125266004470177,
        "vllm:request_decode_time_seconds": 0.6655565340042813
      }
    },
    {
      "prompt_index": 3,
      "prompt_preview": "0, 1, 2, 3, 4, 5, 6, 7, 8, 9, 10, 11, 12, 13, 14, 15, 16, 17, 18, 19, 20, 21, 22, 23, 24, 25, 26, 27...",
      "prompt_length": 6546,
      "success": true,
      "metrics": {
        "vllm:e2e_request_latency_seconds": 7.444324493408203,
        "vllm:request_prefill_time_seconds": 0.020014758993056603,
        "vllm:request_decode_time_seconds": 7.423104561006767
      }
    }
  ]
}