{
  "experiment_info": {
    "prompt_set": "avg_prompt_tokens_4094",
    "chunk_size": 64,
    "model": "meta-llama/Meta-Llama-3-8B-Instruct",
    "generation_params": {
      "max_tokens": 512,
      "temperature": 0.8,
      "top_p": 0.95
    }
  },
  "requests": [
    {
      "prompt_index": 0,
      "prompt_preview": "0, 1, 2, 3, 4, 5, 6, 7, 8, 9, 10, 11, 12, 13, 14, 15, 16, 17, 18, 19, 20, 21, 22, 23, 24, 25, 26, 27...",
      "prompt_length": 6546,
      "success": true,
      "metrics": {
        "vllm:e2e_request_latency_seconds": 8.62452507019043,
        "vllm:request_prefill_time_seconds": 1.2234173829929205,
        "vllm:request_decode_time_seconds": 7.399802435000311
      }
    },
    {
      "prompt_index": 1,
      "prompt_preview": "0, 1, 2, 3, 4, 5, 6, 7, 8, 9, 10, 11, 12, 13, 14, 15, 16, 17, 18, 19, 20, 21, 22, 23, 24, 25, 26, 27...",
      "prompt_length": 6546,
      "success": true,
      "metrics": {
        "vllm:e2e_request_latency_seconds": 7.425613641738892,
        "vllm:request_prefill_time_seconds": 0.020011432003229856,
        "vllm:request_decode_time_seconds": 7.404417897996609
      }
    },
    {
      "prompt_index": 2,
      "prompt_preview": "0, 1, 2, 3, 4, 5, 6, 7, 8, 9, 10, 11, 12, 13, 14, 15, 16, 17, 18, 19, 20, 21, 22, 23, 24, 25, 26, 27...",
      "prompt_length": 6546,
      "success": true,
      "metrics": {
        "vllm:e2e_request_latency_seconds": 7.422037363052368,
        "vllm:request_prefill_time_seconds": 0.019864928006427363,
        "vllm:request_decode_time_seconds": 7.401313683003536
      }
    },
    {
      "prompt_index": 3,
      "prompt_preview": "0, 1, 2, 3, 4, 5, 6, 7, 8, 9, 10, 11, 12, 13, 14, 15, 16, 17, 18, 19, 20, 21, 22, 23, 24, 25, 26, 27...",
      "prompt_length": 6546,
      "success": true,
      "metrics": {
        "vllm:e2e_request_latency_seconds": 7.424967527389526,
        "vllm:request_prefill_time_seconds": 0.02025323500856757,
        "vllm:request_decode_time_seconds": 7.403508557996247
      }
    }
  ]
}