{
  "experiment_info": {
    "prompt_set": "avg_prompt_tokens_4094",
    "chunk_size": 512,
    "model": "meta-llama/Meta-Llama-3-8B-Instruct",
    "generation_params": {
      "max_tokens": 512,
      "temperature": 0.8,
      "top_p": 0.95
    }
  },
  "requests": [
    {
      "prompt_index": 0,
      "prompt_preview": "0, 1, 2, 3, 4, 5, 6, 7, 8, 9, 10, 11, 12, 13, 14, 15, 16, 17, 18, 19, 20, 21, 22, 23, 24, 25, 26, 27...",
      "prompt_length": 6546,
      "success": true,
      "metrics": {
        "vllm:e2e_request_latency_seconds": 7.78458833694458,
        "vllm:request_prefill_time_seconds": 0.37783907700213604,
        "vllm:request_decode_time_seconds": 7.405469197008642
      }
    },
    {
      "prompt_index": 1,
      "prompt_preview": "0, 1, 2, 3, 4, 5, 6, 7, 8, 9, 10, 11, 12, 13, 14, 15, 16, 17, 18, 19, 20, 21, 22, 23, 24, 25, 26, 27...",
      "prompt_length": 6546,
      "success": true,
      "metrics": {
        "vllm:e2e_request_latency_seconds": 7.435822248458862,
        "vllm:request_prefill_time_seconds": 0.02009799299412407,
        "vllm:request_decode_time_seconds": 7.414548810993438
      }
    },
    {
      "prompt_index": 2,
      "prompt_preview": "0, 1, 2, 3, 4, 5, 6, 7, 8, 9, 10, 11, 12, 13, 14, 15, 16, 17, 18, 19, 20, 21, 22, 23, 24, 25, 26, 27...",
      "prompt_length": 6546,
      "success": true,
      "metrics": {
        "vllm:e2e_request_latency_seconds": 7.439610242843628,
        "vllm:request_prefill_time_seconds": 0.01993181399302557,
        "vllm:request_decode_time_seconds": 7.418527322006412
      }
    },
    {
      "prompt_index": 3,
      "prompt_preview": "0, 1, 2, 3, 4, 5, 6, 7, 8, 9, 10, 11, 12, 13, 14, 15, 16, 17, 18, 19, 20, 21, 22, 23, 24, 25, 26, 27...",
      "prompt_length": 6546,
      "success": true,
      "metrics": {
        "vllm:e2e_request_latency_seconds": 7.437953233718872,
        "vllm:request_prefill_time_seconds": 0.020301755008404143,
        "vllm:request_decode_time_seconds": 7.416370879000169
      }
    }
  ]
}