{
  "avg_prompt_tokens_1261": {
    "chunk_size_64": {
      "avg_e2e_time": 8.76738727092743,
      "avg_prefill_time": 1.32809484412428,
      "avg_decode_time": 3.6698024650104344,
      "avg_inference_time": 4.997897309134714,
      "avg_time_between_tokens": 0.05734066351578804
    },
    "chunk_size_128": {
      "avg_e2e_time": 6.185331344604492,
      "avg_prefill_time": 0.6973527254303917,
      "avg_decode_time": 3.604903986211866,
      "avg_inference_time": 4.302256711642258,
      "avg_time_between_tokens": 0.05632662478456041
    },
    "chunk_size_256": {
      "avg_e2e_time": 5.382470369338989,
      "avg_prefill_time": 0.5102445562370121,
      "avg_decode_time": 3.602065287064761,
      "avg_inference_time": 4.112309843301773,
      "avg_time_between_tokens": 0.05628227011038689
    },
    "chunk_size_512": {
      "avg_e2e_time": 5.123673856258392,
      "avg_prefill_time": 0.5010370996315032,
      "avg_decode_time": 3.601574796717614,
      "avg_inference_time": 4.102611896349117,
      "avg_time_between_tokens": 0.05627460619871272
    },
    "chunk_size_1024": {
      "avg_e2e_time": 5.009748816490173,
      "avg_prefill_time": 0.5771204871125519,
      "avg_decode_time": 3.60174554400146,
      "avg_inference_time": 4.178866031114012,
      "avg_time_between_tokens": 0.056277274125022814
    },
    "chunk_size_2048": {
      "avg_e2e_time": 4.983653664588928,
      "avg_prefill_time": 0.5694827446714044,
      "avg_decode_time": 3.60430656792596,
      "avg_inference_time": 4.173789312597364,
      "avg_time_between_tokens": 0.05631729012384312
    },
    "chunk_size_4096": {
      "avg_e2e_time": 4.984783709049225,
      "avg_prefill_time": 0.5684181666001678,
      "avg_decode_time": 3.60717832762748,
      "avg_inference_time": 4.175596494227648,
      "avg_time_between_tokens": 0.05725679885122984
    },
    "chunk_size_8192": {
      "avg_e2e_time": 4.994943261146545,
      "avg_prefill_time": 0.38551189994905144,
      "avg_decode_time": 3.5995146828936413,
      "avg_inference_time": 3.9850265828426927,
      "avg_time_between_tokens": 0.056242416920213145
    }
  }
}