{
  "avg_prompt_tokens_1000": {
    "chunk_size_32": {
      "avg_e2e_time": 7.454604578018189,
      "avg_prefill_time": 0.875162504427135,
      "avg_decode_time": 6.578367833606899,
      "avg_inference_time": 7.453530338034033,
      "avg_time_between_tokens": 0.02569674935002695
    },
    "chunk_size_64": {
      "avg_e2e_time": 7.0250060081481935,
      "avg_prefill_time": 0.4540556395426393,
      "avg_decode_time": 6.569891441240907,
      "avg_inference_time": 7.023947080783546,
      "avg_time_between_tokens": 0.025663638442347293
    },
    "chunk_size_128": {
      "avg_e2e_time": 6.826088619232178,
      "avg_prefill_time": 0.253305140696466,
      "avg_decode_time": 6.571825855970383,
      "avg_inference_time": 6.825130996666848,
      "avg_time_between_tokens": 0.02567119474988431
    },
    "chunk_size_256": {
      "avg_e2e_time": 6.7511192798614506,
      "avg_prefill_time": 0.17568125911056995,
      "avg_decode_time": 6.574314743466675,
      "avg_inference_time": 6.749996002577245,
      "avg_time_between_tokens": 0.0256809169666667
    },
    "chunk_size_512": {
      "avg_e2e_time": 6.733073091506958,
      "avg_prefill_time": 0.15932075809687377,
      "avg_decode_time": 6.572893255949021,
      "avg_inference_time": 6.732214014045894,
      "avg_time_between_tokens": 0.025675364281050862
    },
    "chunk_size_1024": {
      "avg_e2e_time": 6.740427446365357,
      "avg_prefill_time": 0.15157941859215499,
      "avg_decode_time": 6.587856417894363,
      "avg_inference_time": 6.739435836486519,
      "avg_time_between_tokens": 0.025733814132399856
    },
    "chunk_size_2048": {
      "avg_e2e_time": 6.7231896877288815,
      "avg_prefill_time": 0.14993159417062998,
      "avg_decode_time": 6.572364364191889,
      "avg_inference_time": 6.72229595836252,
      "avg_time_between_tokens": 0.025673298297624568
    }
  }
}