{
  "avg_prompt_tokens_501": {
    "chunk_size_32": {
      "avg_e2e_time": 3.7509711742401124,
      "avg_prefill_time": 0.2577510700008133,
      "avg_decode_time": 3.492218814199441,
      "avg_inference_time": 3.7499698842002545,
      "avg_time_between_tokens": 0.013588400055250744
    },
    "chunk_size_64": {
      "avg_e2e_time": 3.645747184753418,
      "avg_prefill_time": 0.148205154799507,
      "avg_decode_time": 3.4965792930001043,
      "avg_inference_time": 3.644784447799611,
      "avg_time_between_tokens": 0.01360536689883309
    },
    "chunk_size_128": {
      "avg_e2e_time": 3.5838714599609376,
      "avg_prefill_time": 0.08248067819877178,
      "avg_decode_time": 3.5004276528001355,
      "avg_inference_time": 3.582908330998907,
      "avg_time_between_tokens": 0.013620341061479127
    },
    "chunk_size_256": {
      "avg_e2e_time": 3.551901626586914,
      "avg_prefill_time": 0.054408029800106304,
      "avg_decode_time": 3.4965591770000173,
      "avg_inference_time": 3.5509672068001237,
      "avg_time_between_tokens": 0.013605288626459211
    },
    "chunk_size_512": {
      "avg_e2e_time": 3.538798713684082,
      "avg_prefill_time": 0.04546473779992084,
      "avg_decode_time": 3.4923513882000408,
      "avg_inference_time": 3.5378161259999614,
      "avg_time_between_tokens": 0.013588915907393154
    }
  },
  "avg_prompt_tokens_1001": {
    "chunk_size_32": {
      "avg_e2e_time": 2.0136393547058105,
      "avg_prefill_time": 0.5036292694006989,
      "avg_decode_time": 1.5090730844000064,
      "avg_inference_time": 2.012702353800705,
      "avg_time_between_tokens": 0.01359525301261267
    },
    "chunk_size_64": {
      "avg_e2e_time": 1.7991490840911866,
      "avg_prefill_time": 0.2862144762009848,
      "avg_decode_time": 1.5119524123991142,
      "avg_inference_time": 1.798166888600099,
      "avg_time_between_tokens": 0.013621192904496524
    },
    "chunk_size_128": {
      "avg_e2e_time": 1.6851901531219482,
      "avg_prefill_time": 0.16509228779978002,
      "avg_decode_time": 1.5191727922006977,
      "avg_inference_time": 1.6842650800004777,
      "avg_time_between_tokens": 0.013686241371177455
    },
    "chunk_size_256": {
      "avg_e2e_time": 1.6289418697357179,
      "avg_prefill_time": 0.10961485980005818,
      "avg_decode_time": 1.5184563534006883,
      "avg_inference_time": 1.6280712132007467,
      "avg_time_between_tokens": 0.013679786967573769
    },
    "chunk_size_512": {
      "avg_e2e_time": 1.6109237194061279,
      "avg_prefill_time": 0.09168760340035079,
      "avg_decode_time": 1.5184656407996955,
      "avg_inference_time": 1.6101532442000461,
      "avg_time_between_tokens": 0.013679870637835094
    },
    "chunk_size_1024": {
      "avg_e2e_time": 1.6004376411437988,
      "avg_prefill_time": 0.08428870240095421,
      "avg_decode_time": 1.5153607501997612,
      "avg_inference_time": 1.5996494526007154,
      "avg_time_between_tokens": 0.013651898650448299
    }
  },
  "avg_prompt_tokens_3778": {
    "chunk_size_32": {
      "avg_e2e_time": 5.581703758239746,
      "avg_prefill_time": 1.965362371399533,
      "avg_decode_time": 3.615054335000605,
      "avg_inference_time": 5.580416706400138,
      "avg_time_between_tokens": 0.014121305996096113
    },
    "chunk_size_64": {
      "avg_e2e_time": 4.720043039321899,
      "avg_prefill_time": 1.1042839368004933,
      "avg_decode_time": 3.614616274799482,
      "avg_inference_time": 4.718900211599975,
      "avg_time_between_tokens": 0.014119594823435477
    },
    "chunk_size_128": {
      "avg_e2e_time": 4.23086142539978,
      "avg_prefill_time": 0.6176884682005038,
      "avg_decode_time": 3.6119910371991866,
      "avg_inference_time": 4.22967950539969,
      "avg_time_between_tokens": 0.014109339989059323
    },
    "chunk_size_256": {
      "avg_e2e_time": 4.02289137840271,
      "avg_prefill_time": 0.40299501240006064,
      "avg_decode_time": 3.618725672999426,
      "avg_inference_time": 4.021720685399487,
      "avg_time_between_tokens": 0.014135647160154008
    },
    "chunk_size_512": {
      "avg_e2e_time": 3.967124366760254,
      "avg_prefill_time": 0.3512920576002216,
      "avg_decode_time": 3.614734960799251,
      "avg_inference_time": 3.9660270183994726,
      "avg_time_between_tokens": 0.014120058440622075
    },
    "chunk_size_1024": {
      "avg_e2e_time": 3.9320377349853515,
      "avg_prefill_time": 0.31313612439989813,
      "avg_decode_time": 3.6177783851999266,
      "avg_inference_time": 3.9309145095998246,
      "avg_time_between_tokens": 0.014131946817187213
    },
    "chunk_size_2048": {
      "avg_e2e_time": 3.921928548812866,
      "avg_prefill_time": 0.30243977360078134,
      "avg_decode_time": 3.6182997675990918,
      "avg_inference_time": 3.920739541199873,
      "avg_time_between_tokens": 0.014133983467183952
    },
    "chunk_size_4096": {
      "avg_e2e_time": 3.907119369506836,
      "avg_prefill_time": 0.2881504626006063,
      "avg_decode_time": 3.617853212999762,
      "avg_inference_time": 3.906003675600368,
      "avg_time_between_tokens": 0.01413223911328032
    }
  },
  "avg_prompt_tokens_7799": {
    "chunk_size_32": {
      "avg_e2e_time": 8.112415313720703,
      "avg_prefill_time": 4.396159332200478,
      "avg_decode_time": 3.7140413625988002,
      "avg_inference_time": 8.110200694799278,
      "avg_time_between_tokens": 0.014451522811668484
    },
    "chunk_size_64": {
      "avg_e2e_time": 6.144063663482666,
      "avg_prefill_time": 2.42614133439929,
      "avg_decode_time": 3.716347417399811,
      "avg_inference_time": 6.142488751799101,
      "avg_time_between_tokens": 0.014460495787547904
    },
    "chunk_size_128": {
      "avg_e2e_time": 5.038252210617065,
      "avg_prefill_time": 1.3186363187989627,
      "avg_decode_time": 3.7178834318016016,
      "avg_inference_time": 5.036519750600564,
      "avg_time_between_tokens": 0.014466472497282496
    },
    "chunk_size_256": {
      "avg_e2e_time": 3.325665330886841,
      "avg_prefill_time": 0.8455992584007618,
      "avg_decode_time": 2.478568390399596,
      "avg_inference_time": 3.3241676488003575,
      "avg_time_between_tokens": 0.014494551990640911
    },
    "chunk_size_512": {
      "avg_e2e_time": 4.419690847396851,
      "avg_prefill_time": 0.6978520830001799,
      "avg_decode_time": 3.7203661200008353,
      "avg_inference_time": 4.4182182030010155,
      "avg_time_between_tokens": 0.014532680156253263
    },
    "chunk_size_1024": {
      "avg_e2e_time": 4.380656671524048,
      "avg_prefill_time": 0.6607465818007767,
      "avg_decode_time": 3.7178448314007255,
      "avg_inference_time": 4.3785914132015025,
      "avg_time_between_tokens": 0.01446632230117014
    },
    "chunk_size_2048": {
      "avg_e2e_time": 2.5961974620819093,
      "avg_prefill_time": 0.6021407458007161,
      "avg_decode_time": 1.9926500595996912,
      "avg_inference_time": 2.5947908054004074,
      "avg_time_between_tokens": 0.01443949318550501
    },
    "chunk_size_4096": {
      "avg_e2e_time": 2.9776777744293215,
      "avg_prefill_time": 0.6101031768004759,
      "avg_decode_time": 2.366197920999548,
      "avg_inference_time": 2.976301097800024,
      "avg_time_between_tokens": 0.014516551662573913
    },
    "chunk_size_8192": {
      "avg_e2e_time": 2.96522479057312,
      "avg_prefill_time": 0.5967221520004387,
      "avg_decode_time": 2.366428982999787,
      "avg_inference_time": 2.9631511350002255,
      "avg_time_between_tokens": 0.014517969220857588
    }
  }
}