{
  "avg_prompt_tokens_122": {
    "chunk_size_8": {
      "avg_e2e_time": 5.31730729341507,
      "avg_prefill_time": 0.22771428374835523,
      "avg_decode_time": 5.088651412999752
    },
    "chunk_size_16": {
      "avg_e2e_time": 6.444092750549316,
      "avg_prefill_time": 0.12272061524708988,
      "avg_decode_time": 6.320335579501261
    },
    "chunk_size_32": {
      "avg_e2e_time": 5.8784812688827515,
      "avg_prefill_time": 0.07104759425055818,
      "avg_decode_time": 5.806412784499116
    },
    "chunk_size_64": {
      "avg_e2e_time": 4.4727800488471985,
      "avg_prefill_time": 0.042509402497671545,
      "avg_decode_time": 4.429371758251364
    },
    "chunk_size_128": {
      "avg_e2e_time": 4.484590947628021,
      "avg_prefill_time": 0.02576479399795062,
      "avg_decode_time": 4.457885183244798
    },
    "chunk_size_256": {
      "avg_e2e_time": 6.583778977394104,
      "avg_prefill_time": 0.02333612275106134,
      "avg_decode_time": 6.559433827245812
    }
  }
}