{
  "experiment_info": {
    "prompt_set": "avg_prompt_tokens_4094",
    "chunk_size": 1024,
    "model": "meta-llama/Meta-Llama-3-8B-Instruct",
    "generation_params": {
      "max_tokens": 512,
      "temperature": 0.8,
      "top_p": 0.95
    }
  },
  "requests": [
    {
      "prompt_index": 0,
      "prompt_preview": "0, 1, 2, 3, 4, 5, 6, 7, 8, 9, 10, 11, 12, 13, 14, 15, 16, 17, 18, 19, 20, 21, 22, 23, 24, 25, 26, 27...",
      "prompt_length": 6546,
      "success": true,
      "metrics": {
        "vllm:e2e_request_latency_seconds": 7.767694711685181,
        "vllm:request_prefill_time_seconds": 0.3450849399960134,
        "vllm:request_decode_time_seconds": 7.421500183001626
      }
    },
    {
      "prompt_index": 1,
      "prompt_preview": "0, 1, 2, 3, 4, 5, 6, 7, 8, 9, 10, 11, 12, 13, 14, 15, 16, 17, 18, 19, 20, 21, 22, 23, 24, 25, 26, 27...",
      "prompt_length": 6546,
      "success": true,
      "metrics": {
        "vllm:e2e_request_latency_seconds": 7.4426257610321045,
        "vllm:request_prefill_time_seconds": 0.020229228990501724,
        "vllm:request_decode_time_seconds": 7.421332790007
      }
    },
    {
      "prompt_index": 2,
      "prompt_preview": "0, 1, 2, 3, 4, 5, 6, 7, 8, 9, 10, 11, 12, 13, 14, 15, 16, 17, 18, 19, 20, 21, 22, 23, 24, 25, 26, 27...",
      "prompt_length": 6546,
      "success": true,
      "metrics": {
        "vllm:e2e_request_latency_seconds": 7.445427417755127,
        "vllm:request_prefill_time_seconds": 0.020195647011860274,
        "vllm:request_decode_time_seconds": 7.423906393989455
      }
    },
    {
      "prompt_index": 3,
      "prompt_preview": "0, 1, 2, 3, 4, 5, 6, 7, 8, 9, 10, 11, 12, 13, 14, 15, 16, 17, 18, 19, 20, 21, 22, 23, 24, 25, 26, 27...",
      "prompt_length": 6546,
      "success": true,
      "metrics": {
        "vllm:e2e_request_latency_seconds": 7.446206569671631,
        "vllm:request_prefill_time_seconds": 0.020004488993436098,
        "vllm:request_decode_time_seconds": 7.424804744005087
      }
    }
  ]
}