{
  "experiment_info": {
    "prompt_set": "avg_prompt_tokens_4094",
    "chunk_size": 256,
    "model": "meta-llama/Meta-Llama-3-8B-Instruct",
    "generation_params": {
      "max_tokens": 512,
      "temperature": 0.8,
      "top_p": 0.95
    }
  },
  "requests": [
    {
      "prompt_index": 0,
      "prompt_preview": "0, 1, 2, 3, 4, 5, 6, 7, 8, 9, 10, 11, 12, 13, 14, 15, 16, 17, 18, 19, 20, 21, 22, 23, 24, 25, 26, 27...",
      "prompt_length": 6546,
      "success": true,
      "metrics": {
        "vllm:e2e_request_latency_seconds": 7.838308572769165,
        "vllm:request_prefill_time_seconds": 0.4291722969937837,
        "vllm:request_decode_time_seconds": 7.407701121002901
      }
    },
    {
      "prompt_index": 1,
      "prompt_preview": "0, 1, 2, 3, 4, 5, 6, 7, 8, 9, 10, 11, 12, 13, 14, 15, 16, 17, 18, 19, 20, 21, 22, 23, 24, 25, 26, 27...",
      "prompt_length": 6546,
      "success": true,
      "metrics": {
        "vllm:e2e_request_latency_seconds": 7.435894250869751,
        "vllm:request_prefill_time_seconds": 0.02000971899542492,
        "vllm:request_decode_time_seconds": 7.414728515999741
      }
    },
    {
      "prompt_index": 2,
      "prompt_preview": "0, 1, 2, 3, 4, 5, 6, 7, 8, 9, 10, 11, 12, 13, 14, 15, 16, 17, 18, 19, 20, 21, 22, 23, 24, 25, 26, 27...",
      "prompt_length": 6546,
      "success": true,
      "metrics": {
        "vllm:e2e_request_latency_seconds": 3.2166225910186768,
        "vllm:request_prefill_time_seconds": 0.019888461989467032,
        "vllm:request_decode_time_seconds": 3.1957592039980227
      }
    },
    {
      "prompt_index": 3,
      "prompt_preview": "0, 1, 2, 3, 4, 5, 6, 7, 8, 9, 10, 11, 12, 13, 14, 15, 16, 17, 18, 19, 20, 21, 22, 23, 24, 25, 26, 27...",
      "prompt_length": 6546,
      "success": true,
      "metrics": {
        "vllm:e2e_request_latency_seconds": 7.435564279556274,
        "vllm:request_prefill_time_seconds": 0.019921772996895015,
        "vllm:request_decode_time_seconds": 7.414450747004594
      }
    }
  ]
}